bug_id,project,label,query,explicit_score,semantic_score,penalty,gt_functions,gt_files,reasons,repo_available
PySnooper-1,PySnooper,query_unavailable,,0,0,0,write,pysnooper/pycompat.py; pysnooper/tracer.py; tests/utils.py,query_unavailable,False
PySnooper-2,PySnooper,query_unavailable,,0,0,0,get_local_reprs; write; Tracer.__init__; Tracer.__call__; Tracer.__enter__; Tracer.__exit__; Tracer.trace,pysnooper/tracer.py,query_unavailable,False
PySnooper-3,PySnooper,query_unavailable,,0,0,0,write,pysnooper/pysnooper.py,query_unavailable,False
ansible-2,ansible,query_unavailable,,0,0,0,__gt__; __ge__; _Numeric.__gt__; _Numeric.__ge__,lib/ansible/utils/version.py,query_unavailable,False
ansible-4,ansible,query_unavailable,,0,0,0,CollectionSearch._load_collections,lib/ansible/playbook/collectionsearch.py,query_unavailable,False
ansible-5,ansible,query_unavailable,,0,0,0,test_check_mutually_exclusive_no_params,lib/ansible/module_utils/common/validation.py; test/units/module_utils/common/validation/test_check_mutually_exclusive.py,query_unavailable,False
ansible-8,ansible,query_unavailable,,0,0,0,join_path,lib/ansible/plugins/shell/powershell.py,query_unavailable,False
ansible-10,ansible,query_unavailable,,0,0,0,__init__,lib/ansible/modules/system/pamd.py,query_unavailable,False
ansible-11,ansible,query_unavailable,,0,0,0,map_obj_to_commands; map_config_to_obj; map_params_to_obj,lib/ansible/modules/network/ios/ios_banner.py,query_unavailable,False
ansible-17,ansible,query_unavailable,,0,0,0,populate; _replace_octal_escapes_helper; _replace_octal_escapes; get_mount_info,lib/ansible/module_utils/facts/hardware/linux.py,query_unavailable,False
black-2,black,query_unavailable,,0,0,0,fmt_on; contains_fmt_on_at_column; first_leaf_column,black.py,query_unavailable,False
black-6,black,query_unavailable,,0,0,0,get_grammars; get_parser_configs; lib2to3_parse; Driver.__init__; Driver.parse_stream_raw; Driver.parse_string; generate_tokens; awaited_generator_value; make_arange,black.py; blib2to3/pgen2/driver.py; blib2to3/pgen2/tokenize.py; tests/data/python37.py,query_unavailable,False
black-11,black,query_unavailable,,0,0,0,is_special_comment; should_explode,black.py,query_unavailable,False
black-12,black,query_unavailable,,0,0,0,mark; maybe_decrement_after_for_loop_variable; maybe_decrement_after_lambda_arguments,black.py,query_unavailable,False
black-14,black,query_unavailable,,0,0,0,get_future_imports; get_imports_from_children,black.py; tests/data/python2_unicode_literals.py,query_unavailable,False
black-15,black,query_unavailable,,0,0,0,FormatError.__init__; FormatError.trim_prefix; FormatError.leaf_from_consumed; WriteBack.show; UnformattedLines.append; UnformattedLines.__str__; UnformattedLines.append_comment; UnformattedLines.maybe_remove_trailing_comma; UnformattedLines.maybe_increment_for_loop_variable; EmptyLineTracker.line; EmptyLineTracker.visit; EmptyLineTracker.visit_default; EmptyLineTracker.visit_unformatted; EmptyLineTracker.visit_STANDALONE_COMMENT; EmptyLineTracker.__attrs_post_init__; normalize_fmt_off; hide_fmt_off; convert_one_fmt_off_pair; generate_ignored_nodes,black.py,query_unavailable,False
black-17,black,query_unavailable,,0,0,0,lib2to3_parse,black.py,query_unavailable,False
black-18,black,query_unavailable,,0,0,0,prepare_input,black.py,query_unavailable,False
black-22,black,query_unavailable,,0,0,0,append_safe; is_comment; is_decorator; contains_standalone_comments; maybe_remove_trailing_comma; maybe_adapt_standalone_comment; append_comment; last_non_delimiter; comments_after; remove_trailing_comma; __str__; dont_increase_indentation; split_wrapper; delimiter_split; append_to_line; standalone_comment_split,black.py,query_unavailable,False
black-23,black,query_unavailable,,0,0,0,lib2to3_parse,black.py; blib2to3/pygram.py; tests/function.py,query_unavailable,False
cookiecutter-2,cookiecutter,query_unavailable,,0,0,0,run_script,cookiecutter/hooks.py,query_unavailable,False
cookiecutter-4,cookiecutter,query_unavailable,,0,0,0,copy_without_render; run_script_with_context; run_hook,cookiecutter/exceptions.py; cookiecutter/generate.py; cookiecutter/hooks.py,query_unavailable,False
fastapi-1,fastapi,query_unavailable,,0,0,0,_prepare_response_content; get; test_return_defaults; test_return_exclude_unset; test_return_exclude_defaults; test_return_exclude_none; test_return_exclude_unset_none,fastapi/applications.py; fastapi/encoders.py; fastapi/openapi/utils.py; fastapi/routing.py; tests/test_skip_defaults.py,query_unavailable,False
fastapi-2,fastapi,query_unavailable,,0,0,0,add_api_websocket_route,fastapi/routing.py,query_unavailable,False
fastapi-3,fastapi,query_unavailable,,0,0,0,_prepare_response_content,fastapi/routing.py,query_unavailable,False
fastapi-11,fastapi,query_unavailable,,0,0,0,is_scalar_field,fastapi/dependencies/utils.py,query_unavailable,False
httpie-1,httpie,query_unavailable,,0,0,0,trim_filename; get_filename_max_length; trim_filename_if_needed; get_unique_filename,httpie/downloads.py,query_unavailable,False
httpie-5,httpie,query_unavailable,,0,0,0,__init__; __call__,httpie/cli.py,query_unavailable,False
keras-1,keras,code_explicit,Fix initializers and update ops.,5,0,0,print_tensor; __call__; get_config; test_print_tensor; test_log; test_update; test_update_add; test_update_sub; test_random_normal; test_random_uniform; test_random_binomial; test_truncated_normal; test_tensorflow_session_parallelism_settings,keras/backend/tensorflow_backend.py; keras/backend/theano_backend.py; keras/initializers.py; tests/keras/backend/backend_test.py,fn_overlap=['update']; file_overlap=['initializers'],True
keras-2,keras,code_explicit,Fix in_top_k tests to include CNTK [Test fails] (#12336),3,0,0,in_top_k,keras/backend/numpy_backend.py,fn_overlap=['top'],True
keras-4,keras,non_code,Use var_list argument in TFOptimizer wrapper (#12106),0,0,0,get_updates,keras/optimizers.py,,True
keras-8,keras,non_code,Fixed loading bug for shared layers accross multiple depths (#11588),0,0,0,add_unprocessed_node; process_node,keras/engine/network.py,,True
keras-9,keras,code_explicit,Fix Arguments display in Docs (#12007),2,0,0,process_list_block,docs/autogen.py,file_overlap=['docs'],True
keras-11,keras,code_explicit,Improve type-check for Sequence (#11468),3,0,0,is_sequence,keras/engine/training_generator.py; keras/engine/training_utils.py; keras/utils/data_utils.py; tests/keras/utils/data_utils_test.py; tests/test_multiprocessing.py,fn_overlap=['sequence'],True
keras-14,keras,code_explicit,Fix bug in sparse_top_k_categorical_accuracy (#11196),3,0,0,sparse_top_k_categorical_accuracy,keras/metrics.py,"fn_overlap=['accuracy', 'categorical', 'sparse', 'top']",True
keras-15,keras,non_code,Fixed the windows line endings in the CSVCallback. (#11124),0,0,0,on_train_begin; CustomDialect.on_epoch_end,keras/callbacks.py,,True
keras-16,keras,code_explicit,Modify Sequential config to include model name (breaking change). Matches tf.keras behavior as of TF 1.11.0. (#11133),6,0,0,__init__; get_config; from_config,keras/engine/sequential.py,"fn_overlap=['config']; file_overlap=['keras', 'sequential']; code_formatted_query",True
keras-17,keras,code_explicit,fix sparse categorical acc (#11100),3,0,0,sparse_categorical_accuracy,keras/metrics.py,"fn_overlap=['categorical', 'sparse']",True
keras-18,keras,non_code,Fix TF Function accepts session_kwargs: options and run_metadata (#11107),0,0,0,_legacy_call,keras/backend/tensorflow_backend.py,,True
keras-19,keras,code_explicit,Update the RNN cell API to be explicit about output_size. (#11021),3,0,0,state_size; output_size; call; build,keras/backend/cntk_backend.py; keras/layers/recurrent.py,"fn_overlap=['output', 'size']",True
keras-20,keras,non_code,"[P, RELNOTES] Conv2DTranspose supports dilation (#11029)",0,0,0,conv2d_transpose; _preprocess_conv2d_input; get_config; deconv_length,keras/backend/cntk_backend.py; keras/backend/tensorflow_backend.py; keras/backend/theano_backend.py; keras/layers/convolutional.py; keras/utils/conv_utils.py,,True
keras-21,keras,non_code,EarlyStopping: restore model weights corresponding to best value of monitored quantity (#10765),0,0,0,__init__,keras/callbacks.py,,True
keras-27,keras,non_code,Fix Bidirectional Regularization (#10012),0,0,0,get_updates_for; get_losses_for,keras/layers/wrappers.py,,True
keras-28,keras,non_code,fix TimeSeriesGenerator glitch (#9899),0,0,0,__len__; __getitem__,keras/preprocessing/sequence.py,,True
keras-32,keras,non_code,Fixed inconsistencies regarding ReduceLROnPlateau (#9723),0,0,0,__init__,keras/callbacks.py,,True
keras-34,keras,non_code,Fix sequence bug (#9513),0,0,0,__iter__,keras/engine/training.py; keras/utils/data_utils.py,,True
keras-37,keras,code_explicit,Fix __call__ for Bidirectional wrapper (#9248),4,0,0,__call__; call,keras/layers/recurrent.py; keras/layers/wrappers.py,fn_overlap=['call']; code_formatted_query,True
keras-41,keras,non_code,Rethrow original exception in GeneratorEnqueuer. (#8485),0,0,0,_send_sequence; test_multiprocessing_evaluate_error; custom_generator,keras/utils/data_utils.py; tests/test_multiprocessing.py,,True
keras-42,keras,code_explicit,"Allow custom steps_per_epoch for sequences, default to len(generator) if unspecified (#8509)",3,0,0,fit_generator; evaluate_generator; predict_generator,keras/engine/training.py; keras/models.py,fn_overlap=['generator'],True
keras-44,keras,code_explicit,Fix RNN layers dynamic `trainable` attr,6,0,0,trainable_weights; non_trainable_weights,keras/layers/recurrent.py,fn_overlap=['trainable']; file_overlap=['layers']; code_formatted_query,True
luigi-1,luigi,query_unavailable,,0,0,0,get,luigi/server.py,query_unavailable,False
luigi-2,luigi,query_unavailable,,0,0,0,__init__; get_target_path,luigi/contrib/beam_dataflow.py,query_unavailable,False
luigi-5,luigi,query_unavailable,,0,0,0,__call__; Wrapped.__call__; clone_parent; requires.__call__; requires.requires,luigi/util.py,query_unavailable,False
luigi-6,luigi,query_unavailable,,0,0,0,_DictParamEncoder.default; DictParameter.serialize; ListParameter.normalize; ListParameter.serialize; TupleParameter.parse; TupleParameter.serialize,luigi/parameter.py,query_unavailable,False
luigi-9,luigi,query_unavailable,,0,0,0,test_retry_sucess_task; Foo.test_retry_sucess_task; Foo.run; Foo.complete,luigi/execution_summary.py; test/retcodes_test.py,query_unavailable,False
luigi-12,luigi,query_unavailable,,0,0,0,get_autoconfig_client,luigi/contrib/hdfs/clients.py,query_unavailable,False
luigi-14,luigi,query_unavailable,,0,0,0,has_excessive_failures; can_disable; pretty_id,luigi/scheduler.py,query_unavailable,False
luigi-15,luigi,query_unavailable,,0,0,0,get_necessary_tasks,luigi/scheduler.py,query_unavailable,False
luigi-17,luigi,query_unavailable,,0,0,0,_WorkerSchedulerFactory.create_local_scheduler,luigi/interface.py,query_unavailable,False
luigi-22,luigi,query_unavailable,,0,0,0,__init__,luigi/scheduler.py,query_unavailable,False
luigi-23,luigi,query_unavailable,,0,0,0,WorkerSchedulerFactory.create_local_scheduler; __init__,luigi/interface.py; luigi/scheduler.py,query_unavailable,False
luigi-27,luigi,query_unavailable,,0,0,0,parse_from_input; set_global_from_args,luigi/parameter.py,query_unavailable,False
luigi-29,luigi,query_unavailable,,0,0,0,NonAmbiguousClass.run; TaskWithSameName.test_cmdline_ambiguous_class; TaskWithSameName.test_cmdline_non_ambiguous_class,luigi/task_register.py; test/cmdline_test.py,query_unavailable,False
matplotlib-1,matplotlib,query_unavailable,,0,0,0,_get_renderer,lib/matplotlib/backend_bases.py; lib/matplotlib/figure.py; lib/matplotlib/tight_layout.py,query_unavailable,False
matplotlib-4,matplotlib,query_unavailable,,0,0,0,hlines; vlines,lib/matplotlib/axes/_axes.py; lib/matplotlib/pyplot.py,query_unavailable,False
matplotlib-9,matplotlib,query_unavailable,,0,0,0,draw,lib/matplotlib/projections/polar.py,query_unavailable,False
matplotlib-14,matplotlib,query_unavailable,,0,0,0,update,lib/matplotlib/text.py,query_unavailable,False
matplotlib-15,matplotlib,query_unavailable,,0,0,0,__init__,examples/userdemo/colormap_normalizations.py; examples/userdemo/colormap_normalizations_symlognorm.py; lib/matplotlib/colors.py; tutorials/colors/colormapnorms.py,query_unavailable,False
matplotlib-18,matplotlib,query_unavailable,,0,0,0,nonsingular,lib/matplotlib/projections/polar.py,query_unavailable,False
matplotlib-19,matplotlib,query_unavailable,,0,0,0,nonsingular,lib/matplotlib/projections/polar.py,query_unavailable,False
matplotlib-20,matplotlib,query_unavailable,,0,0,0,inaxes,lib/matplotlib/_constrained_layout.py; lib/matplotlib/backend_bases.py,query_unavailable,False
matplotlib-21,matplotlib,query_unavailable,,0,0,0,line_props_with_rcdefaults,lib/matplotlib/axes/_axes.py,query_unavailable,False
matplotlib-27,matplotlib,query_unavailable,,0,0,0,set_label,lib/matplotlib/colorbar.py,query_unavailable,False
matplotlib-29,matplotlib,query_unavailable,,0,0,0,set_inverted,lib/matplotlib/axis.py,query_unavailable,False
pandas-5,pandas,semantic_code,BUG: DataFrameGroupby std/sem modify grouped column when as_index=False (#33630),0,1,0,test_join_multi_return_indexers,pandas/core/indexes/base.py; pandas/tests/indexes/multi/test_join.py,"source_vocab_overlap=['false', 'index']",True
pandas-9,pandas,code_explicit,BUG: CategoricalIndex.__contains__ incorrect NaTs (#33947),4,1,0,__contains__,pandas/core/arrays/categorical.py; pandas/core/indexes/category.py,fn_overlap=['contains']; source_vocab_overlap=['categoricalindex']; code_formatted_query,True
pandas-13,pandas,non_code,BUG: Fix Categorical use_inf_as_na bug (#33629),0,0,0,_isna_ndarraylike; _isna_ndarraylike_old,pandas/core/dtypes/missing.py,,True
pandas-14,pandas,semantic_code,"BUG: DataFrame[object] + Series[dt64], test parametrization (#33824)",0,1,0,names,pandas/core/ops/dispatch.py; pandas/tests/arithmetic/conftest.py,source_vocab_overlap=['series'],True
pandas-15,pandas,code_explicit,BUG: pickle after _with_freq (#33811),3,1,0,_datetimelike_array_cmp; InvalidComparison._datetimelike_array_cmp; _validate_comparison_value; _join_i8_wrapper; wrapper; _make_wrapped_arith_op_with_freq; wrapped; AttributesMixin.is_all_dates; AttributesMixin._simple_new; AttributesMixin._scalar_type; AttributesMixin.values; AttributesMixin.__array_wrap__; AttributesMixin._scalar_from_string; AttributesMixin.equals; AttributesMixin._unbox_scalar; AttributesMixin.__contains__; AttributesMixin._check_compatible_with; AttributesMixin.sort_values; DatelikeOps.strftime; DatelikeOps.take; TimelikeOps.searchsorted; TimelikeOps._convert_tolerance; TimelikeOps.tolist; TimelikeOps.min; TimelikeOps.argmin; TimelikeOps.max; TimelikeOps._round; TimelikeOps.round; TimelikeOps.floor; TimelikeOps.ceil; TimelikeOps._with_freq; TimelikeOps.argmax; DatetimeLikeArrayMixin._ndarray; DatetimeLikeArrayMixin._from_backing_data; DatetimeLikeArrayMixin._format_with_header; DatetimeLikeArrayMixin._box_func; DatetimeLikeArrayMixin._formatter_func; DatetimeLikeArrayMixin._box_values; DatetimeLikeArrayMixin._format_attrs; DatetimeLikeArrayMixin.__iter__; DatetimeLikeArrayMixin.asi8; DatetimeLikeArrayMixin._validate_partial_date_slice; DatetimeLikeArrayMixin._parsed_string_to_bounds; DatetimeLikeArrayMixin._format_native_types; DatetimeLikeArrayMixin._partial_date_slice; DatetimeLikeArrayMixin._formatter; DatetimeLikeArrayMixin.__array__; DatetimeLikeArrayMixin.__getitem__; DatetimeLikeArrayMixin._get_getitem_freq; DatetimeLikeArrayMixin.__setitem__; DatetimeLikeArrayMixin._maybe_clear_freq; DatetimeLikeArrayMixin.astype; DatetimeLikeArrayMixin.view; DatetimeLikeArrayMixin._concat_same_type; DatetimeLikeArrayMixin.copy; DatetimeLikeArrayMixin._values_for_factorize; DatetimeLikeArrayMixin._from_factorized; DatetimeLikeArrayMixin._values_for_argsort; DatetimeLikeArrayMixin.shift; DatetimeLikeArrayMixin._get_addsub_freq; DatetimeLikeArrayMixin._validate_fill_value; DatetimeLikeArrayMixin.isin; DatetimeLikeArrayMixin._validate_shift_value; DatetimeLikeArrayMixin._validate_searchsorted_value; DatetimeLikeArrayMixin._validate_setitem_value; DatetimeLikeArrayMixin._validate_insert_value; DatetimeLikeArrayMixin._validate_where_value; DatetimeLikeArrayMixin.where; DatetimeLikeArrayMixin.searchsorted; DatetimeLikeArrayMixin._summary; DatetimeLikeArrayMixin.value_counts; DatetimeLikeArrayMixin.map; DatetimeLikeArrayMixin.delete; DatetimeLikeArrayMixin.isna; DatetimeLikeArrayMixin._isnan; DatetimeLikeArrayMixin._hasnans; DatetimeLikeArrayMixin._wrap_joined_index; DatetimeLikeArrayMixin._maybe_mask_results; DatetimeLikeArrayMixin.fillna; DatetimeTimedeltaMixin.freq; DatetimeTimedeltaMixin.freqstr; DatetimeTimedeltaMixin.inferred_freq; DatetimeTimedeltaMixin._resolution; DatetimeTimedeltaMixin.resolution; DatetimeTimedeltaMixin._validate_frequency; DatetimeTimedeltaMixin._is_monotonic_increasing; DatetimeTimedeltaMixin._is_monotonic_decreasing; DatetimeTimedeltaMixin._is_unique; DatetimeTimedeltaMixin._add_datetimelike_scalar; DatetimeTimedeltaMixin._sub_datetimelike_scalar; DatetimeTimedeltaMixin._sub_period; DatetimeTimedeltaMixin._add_offset; DatetimeTimedeltaMixin._add_timedeltalike_scalar; DatetimeTimedeltaMixin._with_freq; DatetimeTimedeltaMixin._add_timedelta_arraylike; DatetimeTimedeltaMixin._shallow_copy; DatetimeTimedeltaMixin.difference; DatetimeTimedeltaMixin._add_nat; DatetimeTimedeltaMixin.intersection; DatetimeTimedeltaMixin._sub_nat; DatetimeTimedeltaMixin._sub_period_array; DatetimeTimedeltaMixin._addsub_object_array; DatetimeTimedeltaMixin._time_shift; DatetimeTimedeltaMixin._can_fast_union; DatetimeTimedeltaMixin.__add__; DatetimeTimedeltaMixin.__radd__; DatetimeTimedeltaMixin.__sub__; DatetimeTimedeltaMixin._fast_union; DatetimeTimedeltaMixin._union; DatetimeTimedeltaMixin.__rsub__; DatetimeTimedeltaMixin.__iadd__; DatetimeTimedeltaMixin.__isub__; DatetimeTimedeltaMixin._reduce; DatetimeTimedeltaMixin.min; DatetimeTimedeltaMixin.join; DatetimeTimedeltaMixin.max; DatetimeTimedeltaMixin._maybe_utc_convert; DatetimeTimedeltaMixin._is_convertible_to_index_for_join; DatetimeTimedeltaMixin.mean; DatetimeTimedeltaMixin.insert; validate_periods; validate_endpoints; validate_inferred_freq; maybe_infer_freq; test_pickle_after_set_freq,pandas/core/arrays/datetimelike.py; pandas/tests/indexes/timedeltas/test_timedelta.py,"fn_overlap=['after', 'freq', 'pickle', 'with']; source_vocab_overlap=['freq']",True
pandas-16,pandas,code_explicit,BUG: incorrect freq in PeriodIndex-Period (#33801),3,1,0,_get_addsub_freq,pandas/core/indexes/datetimelike.py,"fn_overlap=['freq']; source_vocab_overlap=['freq', 'periodindex']",True
pandas-17,pandas,code_explicit,BUG: DTI/TDI.insert doing invalid casting (#33703),6,1,0,_datetimelike_array_cmp; InvalidComparison._datetimelike_array_cmp; _validate_comparison_value; _join_i8_wrapper; wrapper; _make_wrapped_arith_op_with_freq; wrapped; DatetimeIndexOpsMixin._simple_new; DatetimeIndexOpsMixin._scalar_type; DatetimeIndexOpsMixin._scalar_from_string; DatetimeIndexOpsMixin.is_all_dates; DatetimeIndexOpsMixin.values; DatetimeIndexOpsMixin.__array_wrap__; DatetimeIndexOpsMixin._unbox_scalar; DatetimeIndexOpsMixin.equals; DatetimeIndexOpsMixin._check_compatible_with; DatetimeIndexOpsMixin.__contains__; DatetimeIndexOpsMixin.sort_values; DatelikeOps.strftime; DatelikeOps.take; TimelikeOps.searchsorted; TimelikeOps._convert_tolerance; TimelikeOps.tolist; TimelikeOps.min; TimelikeOps.argmin; TimelikeOps.max; TimelikeOps._round; TimelikeOps.round; TimelikeOps.floor; TimelikeOps.ceil; TimelikeOps._with_freq; TimelikeOps.argmax; DatetimeLikeArrayMixin._ndarray; DatetimeLikeArrayMixin._from_backing_data; DatetimeLikeArrayMixin.ndim; DatetimeLikeArrayMixin.shape; DatetimeLikeArrayMixin.reshape; DatetimeLikeArrayMixin.ravel; DatetimeLikeArrayMixin._format_with_header; DatetimeLikeArrayMixin._box_func; DatetimeLikeArrayMixin._formatter_func; DatetimeLikeArrayMixin._box_values; DatetimeLikeArrayMixin._format_attrs; DatetimeLikeArrayMixin.__iter__; DatetimeLikeArrayMixin.asi8; DatetimeLikeArrayMixin._validate_partial_date_slice; DatetimeLikeArrayMixin._parsed_string_to_bounds; DatetimeLikeArrayMixin._format_native_types; DatetimeLikeArrayMixin._partial_date_slice; DatetimeLikeArrayMixin._formatter; DatetimeLikeArrayMixin.nbytes; DatetimeLikeArrayMixin.__array__; DatetimeLikeArrayMixin.size; DatetimeLikeArrayMixin.__len__; DatetimeLikeArrayMixin.__getitem__; DatetimeLikeArrayMixin._get_getitem_freq; DatetimeLikeArrayMixin._get_addsub_freq; DatetimeLikeArrayMixin.__setitem__; DatetimeLikeArrayMixin._maybe_clear_freq; DatetimeLikeArrayMixin.astype; DatetimeLikeArrayMixin.view; DatetimeLikeArrayMixin.unique; DatetimeLikeArrayMixin._concat_same_type; DatetimeLikeArrayMixin.copy; DatetimeLikeArrayMixin._values_for_factorize; DatetimeLikeArrayMixin._from_factorized; DatetimeLikeArrayMixin._values_for_argsort; DatetimeLikeArrayMixin.shift; DatetimeLikeArrayMixin._validate_fill_value; DatetimeLikeArrayMixin.isin; DatetimeLikeArrayMixin._validate_shift_value; DatetimeLikeArrayMixin._validate_searchsorted_value; DatetimeLikeArrayMixin._validate_setitem_value; DatetimeLikeArrayMixin._validate_insert_value; DatetimeLikeArrayMixin._validate_where_value; DatetimeLikeArrayMixin.where; DatetimeLikeArrayMixin.searchsorted; DatetimeLikeArrayMixin._summary; DatetimeLikeArrayMixin.repeat; DatetimeLikeArrayMixin.value_counts; DatetimeLikeArrayMixin.map; DatetimeLikeArrayMixin.delete; DatetimeLikeArrayMixin.isna; DatetimeLikeArrayMixin._isnan; DatetimeLikeArrayMixin._hasnans; DatetimeLikeArrayMixin._maybe_mask_results; DatetimeLikeArrayMixin._wrap_joined_index; DatetimeLikeArrayMixin.fillna; DatetimeTimedeltaMixin.freq; DatetimeTimedeltaMixin.freqstr; DatetimeTimedeltaMixin.inferred_freq; DatetimeTimedeltaMixin._resolution; DatetimeTimedeltaMixin.resolution; DatetimeTimedeltaMixin._validate_frequency; DatetimeTimedeltaMixin._is_monotonic_increasing; DatetimeTimedeltaMixin._is_monotonic_decreasing; DatetimeTimedeltaMixin._is_unique; DatetimeTimedeltaMixin._add_datetimelike_scalar; DatetimeTimedeltaMixin._sub_datetimelike_scalar; DatetimeTimedeltaMixin._sub_period; DatetimeTimedeltaMixin._add_offset; DatetimeTimedeltaMixin._add_timedeltalike_scalar; DatetimeTimedeltaMixin._with_freq; DatetimeTimedeltaMixin._add_timedelta_arraylike; DatetimeTimedeltaMixin._shallow_copy; DatetimeTimedeltaMixin.difference; DatetimeTimedeltaMixin._add_nat; DatetimeTimedeltaMixin.intersection; DatetimeTimedeltaMixin._sub_nat; DatetimeTimedeltaMixin._sub_period_array; DatetimeTimedeltaMixin._addsub_object_array; DatetimeTimedeltaMixin._time_shift; DatetimeTimedeltaMixin._can_fast_union; DatetimeTimedeltaMixin.__add__; DatetimeTimedeltaMixin.__radd__; DatetimeTimedeltaMixin.__sub__; DatetimeTimedeltaMixin._fast_union; DatetimeTimedeltaMixin._union; DatetimeTimedeltaMixin.__rsub__; DatetimeTimedeltaMixin.__iadd__; DatetimeTimedeltaMixin.__isub__; DatetimeTimedeltaMixin._reduce; DatetimeTimedeltaMixin.min; DatetimeTimedeltaMixin.join; DatetimeTimedeltaMixin.max; DatetimeTimedeltaMixin._maybe_utc_convert; DatetimeTimedeltaMixin._is_convertible_to_index_for_join; DatetimeTimedeltaMixin.mean; DatetimeTimedeltaMixin.insert; validate_periods; validate_endpoints; validate_inferred_freq; maybe_infer_freq,pandas/core/arrays/datetimelike.py; pandas/tests/indexing/test_coercion.py; pandas/tests/indexing/test_partial.py,fn_overlap=['insert']; class_overlap=['invalid']; source_vocab_overlap=['insert']; code_formatted_query,True
pandas-18,pandas,code_explicit,BUG: support skew function for custom BaseIndexer rolling windows (#33745),2,1,0,calc,pandas/core/window/common.py; pandas/core/window/rolling.py,"file_overlap=['rolling']; source_vocab_overlap=['function', 'rolling']",True
pandas-20,pandas,code_explicit,BUG: freq not retained on apply_index (#33779),3,0,0,apply_index,pandas/tseries/offsets.py,"fn_overlap=['apply', 'index']",True
pandas-22,pandas,code_explicit,BUG: support count function for custom BaseIndexer rolling windows (#33605),5,2,0,validate_baseindexer_support; count,pandas/core/window/common.py; pandas/core/window/rolling.py,"fn_overlap=['baseindexer', 'count', 'support']; file_overlap=['rolling']; source_vocab_overlap=['count', 'function', 'rolling']",True
pandas-23,pandas,semantic_code,BUG: DatetimeIndex.intersection losing freq and tz (#33604),1,1,0,test_dti_business_getitem; test_dti_custom_getitem,pandas/core/indexes/datetimelike.py; pandas/tests/indexes/datetimes/test_indexing.py,"source_vocab_overlap=['datetimeindex', 'freq']; code_formatted_query",True
pandas-35,pandas,semantic_code,BUG: create new MI from MultiIndex._get_level_values (#33134),1,1,0,_engine,pandas/core/indexes/period.py,source_vocab_overlap=['values']; code_formatted_query,True
pandas-36,pandas,code_explicit,"BUG: isna_old with td64, dt64tz, period (#33158)",3,1,0,_isna_old; _isna_ndarraylike; _isna_string_dtype; notna,pandas/core/dtypes/missing.py,"fn_overlap=['isna', 'old']; source_vocab_overlap=['isna']",True
pandas-39,pandas,semantic_code,BUG: Fixed strange behaviour of pd.DataFrame.drop() with inplace argu… (#30501),1,0,0,f,pandas/core/ops/methods.py,code_formatted_query,True
pandas-40,pandas,code_explicit,BUG: 27453 right merge order (#31278),2,1,0,_factorize_keys,pandas/core/reshape/merge.py,file_overlap=['merge']; source_vocab_overlap=['right'],True
pandas-41,pandas,code_explicit,BUG: ExtensionBlock.set not setting values inplace (#32831),4,1,0,set; setitem; should_store,pandas/core/internals/blocks.py,"fn_overlap=['set']; source_vocab_overlap=['inplace', 'values']; code_formatted_query",True
pandas-43,pandas,code_explicit,BUG: arithmetic with reindex pow (#32734),3,1,0,_should_reindex_frame_op; f,pandas/core/ops/__init__.py,fn_overlap=['reindex']; source_vocab_overlap=['arithmetic'],True
pandas-44,pandas,code_explicit,BUG: DTI/TDI/PI get_indexer_non_unique with incompatible dtype (#32650),3,2,0,_update_inplace; _is_comparable_dtype; get_indexer_non_unique,pandas/core/indexes/base.py; pandas/core/indexes/datetimelike.py; pandas/core/indexes/datetimes.py; pandas/core/indexes/period.py; pandas/core/indexes/timedeltas.py,"fn_overlap=['dtype', 'get', 'indexer', 'non']; source_vocab_overlap=['dtype', 'indexer', 'unique']",True
pandas-46,pandas,non_code,BUG: pivot_table losing tz (#32558),0,0,0,cartesian_product; _tile_compat; test_tzaware_retained; test_tzaware_retained_categorical,pandas/core/indexes/multi.py; pandas/core/reshape/util.py; pandas/tests/reshape/test_util.py,,True
pandas-47,pandas,semantic_code,BUG: assignment to multiple columns when some column do not exist (#29334),0,1,0,_ensure_listlike_indexer,pandas/core/frame.py; pandas/core/indexing.py,"source_vocab_overlap=['column', 'columns']",True
pandas-49,pandas,non_code,BUG: string methods with NA (#31684),0,0,0,rep,pandas/core/strings.py,,True
pandas-51,pandas,semantic_code,BUG: fix in categorical merges (#32079),0,1,0,_wrap_joined_index,pandas/core/indexes/category.py,source_vocab_overlap=['categorical'],True
pandas-53,pandas,semantic_code,BUG: using loc[int] with object index (#31905),0,1,0,test_frame_raises_type_error; test_frame_raises_key_error,pandas/core/indexes/base.py; pandas/core/series.py; pandas/tests/indexing/test_scalar.py,"source_vocab_overlap=['index', 'object']",True
pandas-55,pandas,semantic_code,BUG: Fix incorrect _is_scalar_access check in iloc (#32085),0,1,0,_iget_item_cache,pandas/core/generic.py; pandas/core/indexing.py,"source_vocab_overlap=['iloc', 'scalar']",True
pandas-67,pandas,code_explicit,BUG: Block.iget not wrapping timedelta64/datetime64 (#31666),4,1,0,iget,pandas/core/internals/blocks.py,fn_overlap=['iget']; source_vocab_overlap=['block']; code_formatted_query,True
pandas-68,pandas,code_explicit,BUG: Fixed IntervalArray[int].shift (#31502),3,1,0,shift; test_shift_zero_copies,pandas/core/arrays/interval.py; pandas/tests/extension/base/methods.py,"fn_overlap=['shift']; source_vocab_overlap=['intervalarray', 'shift']",True
pandas-70,pandas,code_explicit,BUG: regression when applying groupby aggregation on categorical columns (#31359),2,1,0,test_aggregate_udf_na_extension_type; aggfunc,pandas/core/groupby/groupby.py; pandas/core/groupby/ops.py; pandas/tests/groupby/aggregate/test_aggregate.py; pandas/tests/resample/test_datetime_index.py; pandas/tests/resample/test_timedelta.py,"file_overlap=['groupby']; source_vocab_overlap=['columns', 'groupby']",True
pandas-73,pandas,semantic_code,"BUG: DataFrame.floordiv(ser, axis=0) not matching column-wise bheavior (#31271)",1,2,0,_combine_frame; _combine_match_index,pandas/core/frame.py; pandas/core/ops/missing.py,"source_vocab_overlap=['axis', 'column', 'dataframe']; code_formatted_query",True
pandas-80,pandas,code_explicit,BUG: Series/Frame invert dtypes (#31183),5,1,0,__invert__; dtype; test_boolean_array_constructor; data_for_twos; test_boolean_array_constructor_copy; test_to_boolean_array; data_missing; test_to_boolean_array_all_none; test_to_boolean_array_missing_indicators; test_to_boolean_array_error; test_to_boolean_array_from_integer_array; test_to_boolean_array_from_float_array; test_to_boolean_array_integer_like; test_coerce_to_array; test_coerce_to_array_from_boolean_array; test_coerce_to_numpy_array; test_to_boolean_array_from_strings; test_to_boolean_array_from_strings_invalid_string; test_repr; test_to_numpy; test_to_numpy_copy; test_astype; test_astype_to_boolean_array; test_astype_to_integer_array; test_setitem_missing_values; test_ufuncs_binary; test_ufuncs_unary; test_ufunc_reduce_raises; TestLogicalOps.test_numpy_scalars_ok; TestLogicalOps.get_op_from_name; TestLogicalOps.test_empty_ok; TestLogicalOps.test_logical_length_mismatch_raises; TestLogicalOps.test_logical_nan_raises; TestLogicalOps.test_non_bool_or_na_other_raises; TestLogicalOps.test_kleene_or; data_for_sorting; data_missing_for_sorting; test_kleene_or_scalar; test_kleene_and; na_cmp; na_value; test_kleene_and_scalar; test_kleene_xor; data_for_grouping; TestDtype.test_kleene_xor_scalar; TestDtype.test_no_masked_assumptions; TestArithmeticOps.check_opname; TestArithmeticOps._check_op; TestComparisonOps._compare_other; TestComparisonOps._check_divmod_op; TestComparisonOps.test_error; TestComparisonOps.check_opname; TestComparisonOps.test_compare_scalar; TestComparisonOps.test_compare_array; TestComparisonOps.test_scalar; TestMethods.test_factorize; TestMethods.test_combine_le; TestMethods.test_searchsorted; TestMethods.test_value_counts; TestMethods.test_array; TestGroupby.test_grouping_grouper; TestGroupby.test_groupby_extension_agg; TestGroupby.test_groupby_extension_no_sort; TestGroupby.test_groupby_extension_transform; TestGroupby.test_groupby_extension_apply; TestGroupby.test_groupby_apply_identity; TestGroupby.test_in_numeric_groupby; TestArithmeticOps.test_error; test_reductions_return_types; test_any_all; test_arrow_array; test_arrow_roundtrip; test_value_counts_na; test_diff; TestNumericReduce.check_reduce; BaseUnaryOpsTests.test_invert; test_invert_mixed,pandas/core/arrays/masked.py; pandas/core/generic.py; pandas/core/indexing.py; pandas/tests/arrays/test_boolean.py; pandas/tests/extension/base/__init__.py; pandas/tests/extension/base/ops.py; pandas/tests/frame/test_operators.py,"fn_overlap=['invert']; file_overlap=['frame']; source_vocab_overlap=['dtypes', 'series']",True
pandas-83,pandas,code_explicit,BUG: concat not copying index and columns when copy=True (#31119),5,2,0,get_objs_combined_axis; _get_combined_index; _get_comb_axis,pandas/core/indexes/api.py; pandas/core/reshape/concat.py,"fn_overlap=['index']; file_overlap=['concat']; source_vocab_overlap=['columns', 'concat', 'copy', 'index', 'true']",True
pandas-84,pandas,code_explicit,BUG: Fix MutliIndexed unstack failures at tuple names (#30943),3,1,0,test_unstack,pandas/core/reshape/reshape.py; pandas/tests/series/test_analytics.py,"fn_overlap=['unstack']; source_vocab_overlap=['names', 'unstack']",True
pandas-86,pandas,code_explicit,BUG: correct wrong error message in df.pivot when columns=None (#30925),6,2,0,pivot,pandas/core/reshape/pivot.py,"fn_overlap=['pivot']; file_overlap=['pivot']; source_vocab_overlap=['columns', 'none', 'pivot']; code_formatted_query",True
pandas-90,pandas,code_explicit,BUG: func 'to_pickle' and 'read_pickle' where not accepting URL GH#30163 (#30301),5,2,0,round_trip_pickle; to_pickle; read_pickle,pandas/_testing.py; pandas/io/pickle.py,"fn_overlap=['pickle', 'read']; file_overlap=['pickle']; source_vocab_overlap=['pickle', 'read']; technical_terms=['url']",True
pandas-91,pandas,code_explicit,BUG: TimedeltaIndex.searchsorted accepting invalid types/dtypes (#30831),4,1,0,searchsorted,pandas/core/indexes/timedeltas.py,"fn_overlap=['searchsorted']; source_vocab_overlap=['dtypes', 'timedeltaindex']; code_formatted_query",True
pandas-92,pandas,code_explicit,BUG: PeriodIndex.searchsorted accepting invalid inputs (#30763),4,1,0,searchsorted; is_full; test_searchsorted_invalid,pandas/core/generic.py; pandas/core/indexes/period.py; pandas/core/resample.py; pandas/tests/indexes/period/test_period.py; pandas/tests/indexes/period/test_tools.py,"fn_overlap=['invalid', 'searchsorted']; source_vocab_overlap=['periodindex']; code_formatted_query",True
pandas-93,pandas,code_explicit,BUG: DTI/TDI/PI `where` accepting non-matching dtypes (#30791),4,0,0,_datetimelike_array_cmp; _join_i8_wrapper; wrapper; AttributesMixin._simple_new; AttributesMixin._scalar_type; AttributesMixin.is_all_dates; AttributesMixin._create_comparison_method; AttributesMixin._scalar_from_string; AttributesMixin.values; AttributesMixin.__array_wrap__; AttributesMixin._unbox_scalar; AttributesMixin.equals; AttributesMixin._check_compatible_with; AttributesMixin.__contains__; AttributesMixin.map; DatelikeOps.strftime; DatelikeOps.sort_values; TimelikeOps.take; TimelikeOps._convert_tolerance; TimelikeOps.tolist; TimelikeOps.min; TimelikeOps.argmin; TimelikeOps.max; TimelikeOps._round; TimelikeOps.round; TimelikeOps.floor; TimelikeOps.ceil; DatetimeLikeArrayMixin.argmax; DatetimeLikeArrayMixin.ndim; DatetimeLikeArrayMixin.shape; DatetimeLikeArrayMixin.reshape; DatetimeLikeArrayMixin.ravel; DatetimeLikeArrayMixin._format_with_header; DatetimeLikeArrayMixin._box_func; DatetimeLikeArrayMixin._formatter_func; DatetimeLikeArrayMixin._box_values; DatetimeLikeArrayMixin._format_attrs; DatetimeLikeArrayMixin.__iter__; DatetimeLikeArrayMixin.asi8; DatetimeLikeArrayMixin._convert_scalar_indexer; DatetimeLikeArrayMixin._ndarray_values; DatetimeLikeArrayMixin.isin; DatetimeLikeArrayMixin._format_native_types; DatetimeLikeArrayMixin._formatter; DatetimeLikeArrayMixin.nbytes; DatetimeLikeArrayMixin.__array__; DatetimeLikeArrayMixin.size; DatetimeLikeArrayMixin.__len__; DatetimeLikeArrayMixin.__getitem__; DatetimeLikeArrayMixin.repeat; DatetimeLikeArrayMixin.where; DatetimeLikeArrayMixin.__setitem__; DatetimeLikeArrayMixin._maybe_clear_freq; DatetimeLikeArrayMixin.astype; DatetimeLikeArrayMixin.view; DatetimeLikeArrayMixin.unique; DatetimeLikeArrayMixin._validate_fill_value; DatetimeLikeArrayMixin._summary; DatetimeLikeArrayMixin.take; DatetimeLikeArrayMixin._concat_same_type; DatetimeLikeArrayMixin._concat_same_dtype; DatetimeLikeArrayMixin.copy; DatetimeLikeArrayMixin._values_for_factorize; DatetimeLikeArrayMixin._from_factorized; DatetimeLikeArrayMixin._values_for_argsort; DatetimeLikeArrayMixin.searchsorted; DatetimeLikeArrayMixin.shift; DatetimeLikeArrayMixin.value_counts; DatetimeLikeArrayMixin.delete; DatetimeLikeArrayMixin.map; DatetimeTimedeltaMixin.isna; DatetimeTimedeltaMixin._isnan; DatetimeTimedeltaMixin._set_freq; DatetimeTimedeltaMixin._hasnans; DatetimeTimedeltaMixin._maybe_mask_results; DatetimeTimedeltaMixin.fillna; DatetimeTimedeltaMixin.freq; DatetimeTimedeltaMixin._shallow_copy; DatetimeTimedeltaMixin.freqstr; DatetimeTimedeltaMixin.inferred_freq; DatetimeTimedeltaMixin._resolution; DatetimeTimedeltaMixin.difference; DatetimeTimedeltaMixin.resolution; DatetimeTimedeltaMixin.intersection; DatetimeTimedeltaMixin._validate_frequency; DatetimeTimedeltaMixin._is_monotonic_increasing; DatetimeTimedeltaMixin._is_monotonic_decreasing; DatetimeTimedeltaMixin._is_unique; DatetimeTimedeltaMixin._add_datetimelike_scalar; DatetimeTimedeltaMixin._sub_datetimelike_scalar; DatetimeTimedeltaMixin._sub_period; DatetimeTimedeltaMixin._add_offset; DatetimeTimedeltaMixin._add_delta; DatetimeTimedeltaMixin._add_timedeltalike_scalar; DatetimeTimedeltaMixin._add_delta_tdi; DatetimeTimedeltaMixin._add_nat; DatetimeTimedeltaMixin._sub_nat; DatetimeTimedeltaMixin._sub_period_array; DatetimeTimedeltaMixin._can_fast_union; DatetimeTimedeltaMixin._addsub_object_array; DatetimeTimedeltaMixin._time_shift; DatetimeTimedeltaMixin.__add__; DatetimeTimedeltaMixin._fast_union; DatetimeTimedeltaMixin.__radd__; DatetimeTimedeltaMixin.__sub__; DatetimeTimedeltaMixin._union; DatetimeTimedeltaMixin.__rsub__; DatetimeTimedeltaMixin.__iadd__; DatetimeTimedeltaMixin.__isub__; DatetimeTimedeltaMixin._ensure_localized; DatetimeTimedeltaMixin._reduce; DatetimeTimedeltaMixin.min; DatetimeTimedeltaMixin.max; DatetimeTimedeltaMixin.join; DatetimeTimedeltaMixin.mean; DatetimeTimedeltaMixin._maybe_utc_convert; DatetimeTimedeltaMixin._is_convertible_to_index_for_join; DatetimeTimedeltaMixin._wrap_joined_index; validate_periods; validate_endpoints; validate_inferred_freq; maybe_infer_freq; _delegate_property_get; _delegate_property_set; _ensure_datetimelike_to_i8; _delegate_method,pandas/core/arrays/datetimelike.py,"fn_overlap=['tdi', 'where']; code_formatted_query",True
pandas-94,pandas,code_explicit,BUG: TDI/DTI _shallow_copy creating invalid arrays (#30764),3,0,0,repeat; _shallow_copy,pandas/core/indexes/datetimelike.py,"fn_overlap=['copy', 'shallow']",True
pandas-95,pandas,code_explicit,BUG: PeriodArray comparisons inconsistent with Period comparisons (#30722),2,1,0,wrapper,pandas/core/arrays/period.py,"file_overlap=['period']; source_vocab_overlap=['period', 'periodarray']",True
pandas-97,pandas,code_explicit,BUG: TimedeltaIndex.union with sort=False (#30701),4,1,0,_fast_union,pandas/core/indexes/timedeltas.py,"fn_overlap=['union']; source_vocab_overlap=['false', 'timedeltaindex']; code_formatted_query",True
sanic-2,sanic,query_unavailable,,0,0,0,start_serving; serve_forever,sanic/server.py,query_unavailable,False
scrapy-2,scrapy,code_explicit,Fix scrapy.utils.datatypes.LocalCache limit issue,3,2,0,__setitem__,scrapy/utils/datatypes.py,"file_overlap=['datatypes', 'scrapy', 'utils']; source_vocab_overlap=['datatypes', 'limit', 'localcache', 'scrapy', 'utils']; code_formatted_query",True
scrapy-4,scrapy,semantic_code,Fix contract errback,0,2,0,eb_wrapper,scrapy/contracts/__init__.py,"source_vocab_overlap=['contract', 'errback']; technical_terms=['contract']",True
scrapy-7,scrapy,semantic_code,FormRequest: handle whitespaces in action attribute properly,0,2,0,_get_form_url,scrapy/http/request/form.py,"source_vocab_overlap=['action', 'formrequest']; technical_terms=['formrequest']",True
scrapy-8,scrapy,semantic_code,BUG: Fix __classcell__ propagation.,1,2,0,ItemMeta.__new__,scrapy/item.py,source_vocab_overlap=['classcell']; code_formatted_query; technical_terms=['classcell'],True
scrapy-12,scrapy,non_code,Merge pull request #2153 from Digenis/Selector_bad_args,2,2,2,__init__,scrapy/selector/unified.py,file_overlap=['selector']; source_vocab_overlap=['selector']; non_code_pattern=^merge pull request\b; technical_terms=['request'],True
scrapy-14,scrapy,non_code,Merge pull request #2050 from Tethik/is_gzipped_fix,3,1,2,is_gzipped,scrapy/utils/gz.py,fn_overlap=['gzipped']; non_code_pattern=^merge pull request\b; technical_terms=['request'],True
scrapy-15,scrapy,semantic_code,Do not fail on canonicalizing URLs with wrong netlocs,0,1,0,_safe_ParseResult,scrapy/utils/url.py,source_vocab_overlap=['urls'],True
scrapy-16,scrapy,non_code,Fix canonicalize_url() on Python 3 and re-enable tests,6,1,2,_safe_ParseResult; canonicalize_url; _unquotepath; parse_url; parse_qsl_to_bytes,scrapy/utils/url.py,"fn_overlap=['canonicalize', 'url']; file_overlap=['url']; code_formatted_query; non_code_pattern=\bre-enable tests\b; technical_terms=['canonicalize', 'url']",True
scrapy-17,scrapy,code_explicit,response_status_message should not fail on non-standard HTTP codes,5,3,0,response_status_message,scrapy/utils/response.py,"fn_overlap=['message', 'response', 'status']; file_overlap=['response']; source_vocab_overlap=['http', 'message', 'response', 'status']; technical_terms=['response']",True
scrapy-18,scrapy,code_explicit,More liberal Content-Disposition header parsing,3,1,0,from_content_disposition,scrapy/responsetypes.py,"fn_overlap=['content', 'disposition']; source_vocab_overlap=['content', 'disposition']",True
scrapy-19,scrapy,semantic_code,PY3: Implement some attributes of WrappedRequest required in Python 3,0,1,0,get_origin_req_host; full_url; host; type; origin_req_host,scrapy/http/cookies.py,"source_vocab_overlap=['python', 'wrappedrequest']",True
scrapy-20,scrapy,code_explicit,Fix SitemapSpider to extract sitemap urls from robots.txt properly,6,2,0,_parse_sitemap,scrapy/spiders/sitemap.py,"fn_overlap=['sitemap']; file_overlap=['sitemap']; source_vocab_overlap=['robots', 'sitemap', 'sitemapspider', 'urls']; code_formatted_query",True
scrapy-21,scrapy,non_code,Merge pull request #1735 from ArturGaspar/master,0,1,2,_robots_error,scrapy/downloadermiddlewares/robotstxt.py,non_code_pattern=^merge pull request\b; technical_terms=['request'],True
scrapy-23,scrapy,code_explicit,py3 fix HttpProxy and Retry Middlewares,5,1,0,test_priority_adjust; test_404; test_dont_retry; test_503,scrapy/downloadermiddlewares/httpproxy.py; tests/test_downloadermiddleware_retry.py,"fn_overlap=['retry']; file_overlap=['httpproxy', 'retry']; source_vocab_overlap=['retry']",True
scrapy-24,scrapy,semantic_code,"https proxy tunneling - add a test (not perfect, but covers all impl) and fix for py3",0,2,0,requestTunnel,scrapy/core/downloader/handlers/http11.py,"source_vocab_overlap=['https', 'proxy']; technical_terms=['proxy']",True
scrapy-25,scrapy,non_code,Merge pull request #1563 from starrify/master,2,1,2,_get_form_url; _get_form,scrapy/http/request/form.py,file_overlap=['request']; non_code_pattern=^merge pull request\b; technical_terms=['request'],True
scrapy-26,scrapy,code_explicit,Fix backwards-compatibility for users who explicitly set _BASE settings,2,1,0,getbool,scrapy/settings/__init__.py,file_overlap=['settings']; source_vocab_overlap=['settings'],True
scrapy-27,scrapy,semantic_code,Fix RedirectMiddleware not honouring meta handle_httpstatus keys,0,1,0,process_response,scrapy/downloadermiddlewares/redirect.py,"source_vocab_overlap=['httpstatus', 'meta']",True
scrapy-30,scrapy,code_explicit,PY3 fix test cmdline,2,0,0,__init__; _execute,scrapy/cmdline.py; scrapy/utils/testproc.py; tests/test_cmdline/__init__.py,"file_overlap=['cmdline', 'test']",True
scrapy-31,scrapy,semantic_code,Do not break cookie parsing on non-utf8 headers,0,2,0,get_header; header_items; get_all,scrapy/http/cookies.py,"source_vocab_overlap=['cookie', 'headers']; technical_terms=['headers']",True
scrapy-32,scrapy,semantic_code,fixed CrawlerProcess when settings are passed as dicts,0,1,0,__init__,scrapy/crawler.py,source_vocab_overlap=['settings'],True
scrapy-33,scrapy,code_explicit,Replace FailureFormatter with direct exc_info conversions in log calls,7,1,0,_handle_downloader_output; errback; failure_to_exc_info; msg; __init__; filter; err; configure_logging; log_scrapy_info; StreamLogger.__init__; StreamLogger.write; LogCounterHandler.__init__; LogCounterHandler.emit; logformatter_adapter,scrapy/core/engine.py; scrapy/core/scraper.py; scrapy/downloadermiddlewares/robotstxt.py; scrapy/extensions/feedexport.py; scrapy/log.py; scrapy/pipelines/files.py; scrapy/pipelines/media.py; scrapy/utils/signal.py,"fn_overlap=['exc', 'info', 'log']; class_overlap=['log']; file_overlap=['log']; source_vocab_overlap=['info']",True
scrapy-39,scrapy,code_explicit,"fix make_requests_from_url deprcation implementation, add tests",3,2,0,start_requests,scrapy/spiders/__init__.py,"fn_overlap=['requests']; source_vocab_overlap=['implementation', 'requests']; technical_terms=['url']",True
spacy-1,spacy,query_unavailable,,0,0,0,ErrorsWithCodes.__getattribute__,spacy/errors.py,query_unavailable,False
spacy-7,spacy,query_unavailable,,0,0,0,filter_spans,examples/information_extraction/entity_relations.py; spacy/util.py,query_unavailable,False
thefuck-1,thefuck,code_explicit,#1047: Fix pip_unknown_command by using a less restrictive regex,5,2,0,get_new_command,thefuck/rules/pip_unknown_command.py,"fn_overlap=['command']; file_overlap=['command', 'pip', 'unknown']; source_vocab_overlap=['command', 'unknown']; technical_terms=['regex']",True
thefuck-3,thefuck,code_explicit,#869: Use `fish --version` instead of an interactive shell for info(),6,3,0,info,thefuck/shells/fish.py,"fn_overlap=['info']; file_overlap=['fish']; source_vocab_overlap=['fish', 'shell', 'version']; code_formatted_query; technical_terms=['shell']",True
thefuck-4,thefuck,code_explicit,Support aliases with equal sign (#808),3,1,0,_get_aliases,thefuck/shells/fish.py,fn_overlap=['aliases']; source_vocab_overlap=['aliases'],True
thefuck-5,thefuck,code_explicit,git_push: Handle branch names containing 'set-upstream' (#759),2,2,0,match,thefuck/rules/git_push.py,"file_overlap=['git', 'push']; source_vocab_overlap=['push', 'upstream']; technical_terms=['branch']",True
thefuck-6,thefuck,code_explicit,#762: handle single quotes in git_branch_exists,2,2,0,match; get_new_command,thefuck/rules/git_branch_exists.py,"file_overlap=['branch', 'exists', 'git']; source_vocab_overlap=['branch', 'exists']; technical_terms=['branch']",True
thefuck-7,thefuck,non_code,#702: fix minor issues with `php_s` rule,3,0,2,match; get_new_command,thefuck/rules/php_s.py,file_overlap=['php']; code_formatted_query; non_code_pattern=\bminor issues\b,True
thefuck-8,thefuck,non_code,Tests! Also fixed some bytes-string issues,0,0,2,_parse_operations,thefuck/rules/dnf_no_such_command.py,non_code_pattern=^tests?[!:. ],True
thefuck-11,thefuck,non_code,Merge pull request #559 from josephfrazier/git-push-explicit-upstream,2,2,2,get_new_command,thefuck/rules/git_push.py,"file_overlap=['git', 'push']; source_vocab_overlap=['push', 'upstream']; non_code_pattern=^merge pull request\b; technical_terms=['request']",True
thefuck-12,thefuck,code_explicit,#N/A: Ensure that command doesn't exists in `no_command` rule,3,1,0,match,thefuck/rules/no_command.py,file_overlap=['command']; source_vocab_overlap=['command']; code_formatted_query,True
thefuck-13,thefuck,code_explicit,#N/A: Use git_branch_exists rule with `checkout` too,3,3,0,match,thefuck/rules/git_branch_exists.py,"file_overlap=['branch', 'exists', 'git']; source_vocab_overlap=['branch', 'checkout', 'exists']; code_formatted_query; technical_terms=['branch']",True
thefuck-14,thefuck,code_explicit,#253: Update default overridden aliases with user's,3,2,0,Fish._get_overridden_aliases,thefuck/shells/fish.py,"fn_overlap=['aliases', 'overridden']; source_vocab_overlap=['aliases', 'default', 'overridden', 'update']",True
thefuck-15,thefuck,code_explicit,#N/A: Fix `git_add` rule,3,0,0,match; get_new_command,thefuck/rules/git_add.py,"file_overlap=['add', 'git']; code_formatted_query",True
thefuck-16,thefuck,code_explicit,#301: Set variables within the alias,3,3,0,Bash.app_alias; app_alias; Zsh.app_alias,thefuck/shells/bash.py; thefuck/shells/fish.py; thefuck/shells/zsh.py; thefuck/types.py,"fn_overlap=['alias']; source_vocab_overlap=['alias', 'variables', 'within']; technical_terms=['alias']",True
thefuck-17,thefuck,code_explicit,#402: Don't invoke bash for getting aliases,5,1,0,app_alias; get_aliases,thefuck/shells/bash.py; thefuck/shells/zsh.py,"fn_overlap=['aliases']; file_overlap=['bash']; source_vocab_overlap=['aliases', 'bash']",True
thefuck-18,thefuck,code_explicit,#415: Prevent double `sudo`,3,1,0,match,thefuck/rules/sudo.py,file_overlap=['sudo']; source_vocab_overlap=['sudo']; code_formatted_query,True
thefuck-19,thefuck,code_explicit,Use --force-with-lease instead of --force for git push,2,2,0,get_new_command,thefuck/rules/git_push_force.py,"file_overlap=['force', 'git', 'push']; source_vocab_overlap=['force', 'lease', 'push']",True
thefuck-20,thefuck,code_explicit,Fix the unzip rules and filenames with spaces,2,1,0,_is_bad_zip; get_new_command,thefuck/rules/dirty_unzip.py,"file_overlap=['rules', 'unzip']; source_vocab_overlap=['unzip']",True
thefuck-21,thefuck,code_explicit,#369 Fix `git_fix_stash` fails when script is just `git`,3,1,0,match,thefuck/rules/git_fix_stash.py,"file_overlap=['fix', 'git', 'stash']; source_vocab_overlap=['script', 'stash']; code_formatted_query",True
thefuck-22,thefuck,non_code,Fix without result,0,0,0,_realise,thefuck/types.py,,True
thefuck-24,thefuck,semantic_code,Make `CorrectedCommand` ignore priority when checking equality,1,1,0,CorrectedCommand.__init__; CorrectedCommand.__eq__; CorrectedCommand.__hash__; CorrectedCommand.__repr__; RulesNamesList._remove_duplicates,thefuck/types.py,"source_vocab_overlap=['correctedcommand', 'priority']; code_formatted_query",True
thefuck-25,thefuck,code_explicit,Support for hdfs dfs -mkdir -p /directory/subdirectory,2,1,0,get_new_command,thefuck/rules/mkdir_p.py,"file_overlap=['mkdir']; source_vocab_overlap=['directory', 'mkdir']",True
thefuck-26,thefuck,semantic_code,"Support for either starting only the machine requested, or starting all machines",0,1,0,get_new_command,thefuck/rules/vagrant_up.py,source_vocab_overlap=['machine'],True
thefuck-27,thefuck,code_explicit,Fix the open rule,2,1,0,get_new_command,thefuck/rules/open.py,file_overlap=['open']; source_vocab_overlap=['open'],True
thefuck-28,thefuck,code_explicit,Handle columns it the fix_file rule,2,1,0,get_new_command,thefuck/rules/fix_file.py,"file_overlap=['file', 'fix']; source_vocab_overlap=['columns', 'file']",True
thefuck-29,thefuck,semantic_code,Fix the @wrap_settings annotation,0,1,0,update,thefuck/types.py,source_vocab_overlap=['settings'],True
thefuck-30,thefuck,non_code,Test if the file exists in the `fix_file` rule,3,1,2,match,thefuck/rules/fix_file.py,"file_overlap=['file', 'fix']; source_vocab_overlap=['file']; code_formatted_query; non_code_pattern=^tests?[!:. ]",True
thefuck-31,thefuck,code_explicit,Fix the `git_diff_staged` rule,3,1,0,get_new_command,thefuck/rules/git_diff_staged.py,"file_overlap=['diff', 'git', 'staged']; source_vocab_overlap=['diff', 'staged']; code_formatted_query",True
thefuck-32,thefuck,code_explicit,fix(rules.ls_lah): make sure script starts with ls,3,1,0,match,thefuck/rules/ls_lah.py,"file_overlap=['lah', 'rules']; source_vocab_overlap=['script']; code_formatted_query",True
tornado-1,tornado,query_unavailable,,0,0,0,on_connection_close; set_nodelay; _PerMessageDeflateCompressor.set_nodelay,tornado/websocket.py,query_unavailable,True
tornado-5,tornado,query_unavailable,,0,0,0,_update_next,tornado/ioloop.py,query_unavailable,True
tornado-8,tornado,query_unavailable,,0,0,0,accept_connection,tornado/websocket.py,query_unavailable,True
tornado-10,tornado,query_unavailable,,0,0,0,_break_cycles,tornado/web.py; tornado/websocket.py,query_unavailable,True
tqdm-3,tqdm,query_unavailable,,0,0,0,__bool__; __nonzero__,tqdm/_tqdm.py,query_unavailable,False
tqdm-9,tqdm,query_unavailable,,0,0,0,__len__; __iter__,tqdm/_tqdm.py,query_unavailable,False
youtube-dl-6,youtube-dl,query_unavailable,,0,0,0,parse_dfxp_time_expr,youtube_dl/utils.py,query_unavailable,False
youtube-dl-9,youtube-dl,query_unavailable,,0,0,0,_parse_format_selection,youtube_dl/YoutubeDL.py,query_unavailable,False
youtube-dl-11,youtube-dl,query_unavailable,,0,0,0,str_to_int,youtube_dl/utils.py,query_unavailable,False
youtube-dl-14,youtube-dl,query_unavailable,,0,0,0,_extract_chapters_from_json; chapter_time; _extract_chapters; _extract_chapters_from_description; _real_extract,youtube_dl/extractor/youtube.py,query_unavailable,False
youtube-dl-16,youtube-dl,query_unavailable,,0,0,0,dfxp2srt,youtube_dl/postprocessor/ffmpeg.py; youtube_dl/utils.py,query_unavailable,False
youtube-dl-17,youtube-dl,query_unavailable,,0,0,0,cli_bool_option,youtube_dl/utils.py,query_unavailable,False
youtube-dl-21,youtube-dl,query_unavailable,,0,0,0,urljoin,youtube_dl/utils.py,query_unavailable,False
youtube-dl-30,youtube-dl,query_unavailable,,0,0,0,selector_function,youtube_dl/YoutubeDL.py,query_unavailable,False
youtube-dl-32,youtube-dl,query_unavailable,,0,0,0,strip_jsonp,youtube_dl/extractor/npo.py; youtube_dl/utils.py,query_unavailable,False
youtube-dl-33,youtube-dl,query_unavailable,,0,0,0,_real_extract,youtube_dl/extractor/drtv.py; youtube_dl/utils.py,query_unavailable,False
youtube-dl-37,youtube-dl,query_unavailable,,0,0,0,uppercase_escape,youtube_dl/utils.py,query_unavailable,False
youtube-dl-38,youtube-dl,query_unavailable,,0,0,0,urlencode_postdata,youtube_dl/extractor/facebook.py; youtube_dl/utils.py,query_unavailable,False
youtube-dl-39,youtube-dl,query_unavailable,,0,0,0,limit_length,youtube_dl/extractor/facebook.py; youtube_dl/utils.py,query_unavailable,False
youtube-dl-40,youtube-dl,query_unavailable,,0,0,0,read_unsigned_long_long; read_unsigned_int; read_unsigned_char; read_string; struct_pack; struct_unpack,youtube_dl/downloader/f4m.py; youtube_dl/utils.py,query_unavailable,False
youtube-dl-42,youtube-dl,query_unavailable,,0,0,0,fix_ampersand; fix_xml_all_ampersand; fix_xml_ampersands,youtube_dl/extractor/clipsyndicate.py; youtube_dl/extractor/metacritic.py; youtube_dl/extractor/mtv.py; youtube_dl/utils.py,query_unavailable,False
youtube-dl-43,youtube-dl,query_unavailable,,0,0,0,url_basename,youtube_dl/utils.py,query_unavailable,False
